{
  "anger": {
    "precision": 0.22727272727272727,
    "recall": 0.38461538461538464,
    "f1-score": 0.2857142857142857,
    "support": 13.0
  },
  "disgust": {
    "precision": 0.16666666666666666,
    "recall": 0.6666666666666666,
    "f1-score": 0.26666666666666666,
    "support": 3.0
  },
  "fear": {
    "precision": 0.4166666666666667,
    "recall": 0.45454545454545453,
    "f1-score": 0.43478260869565216,
    "support": 11.0
  },
  "happy": {
    "precision": 0.2727272727272727,
    "recall": 0.3333333333333333,
    "f1-score": 0.3,
    "support": 9.0
  },
  "joy": {
    "precision": 0.0,
    "recall": 0.0,
    "f1-score": 0.0,
    "support": 4.0
  },
  "love": {
    "precision": 1.0,
    "recall": 0.2222222222222222,
    "f1-score": 0.36363636363636365,
    "support": 9.0
  },
  "sadness": {
    "precision": 0.16666666666666666,
    "recall": 0.09090909090909091,
    "f1-score": 0.11764705882352941,
    "support": 22.0
  },
  "surprise": {
    "precision": 0.0,
    "recall": 0.0,
    "f1-score": 0.0,
    "support": 4.0
  },
  "accuracy": 0.25333333333333335,
  "macro avg": {
    "precision": 0.28125,
    "recall": 0.26903651903651904,
    "f1-score": 0.2210558729420622,
    "support": 75.0
  },
  "weighted avg": {
    "precision": 0.3087878787878788,
    "recall": 0.25333333333333335,
    "f1-score": 0.2381047596904374,
    "support": 75.0
  }
}