{
  "anger": {
    "precision": 0.5707317073170731,
    "recall": 0.7452229299363057,
    "f1-score": 0.6464088397790055,
    "support": 314.0
  },
  "disgust": {
    "precision": 0.8461538461538461,
    "recall": 0.9295774647887324,
    "f1-score": 0.8859060402684564,
    "support": 71.0
  },
  "fear": {
    "precision": 0.851063829787234,
    "recall": 0.7729468599033816,
    "f1-score": 0.810126582278481,
    "support": 207.0
  },
  "happy": {
    "precision": 0.5925925925925926,
    "recall": 0.4752475247524752,
    "f1-score": 0.5274725274725275,
    "support": 202.0
  },
  "joy": {
    "precision": 0.7894736842105263,
    "recall": 0.5357142857142857,
    "f1-score": 0.6382978723404256,
    "support": 84.0
  },
  "love": {
    "precision": 0.6713286713286714,
    "recall": 0.7559055118110236,
    "f1-score": 0.7111111111111111,
    "support": 127.0
  },
  "sadness": {
    "precision": 0.5426008968609866,
    "recall": 0.4671814671814672,
    "f1-score": 0.5020746887966805,
    "support": 259.0
  },
  "surprise": {
    "precision": 0.8,
    "recall": 0.8421052631578947,
    "f1-score": 0.8205128205128205,
    "support": 57.0
  },
  "accuracy": 0.6555639666919001,
  "macro avg": {
    "precision": 0.7079931535313663,
    "recall": 0.6904876634056958,
    "f1-score": 0.6927388103199384,
    "support": 1321.0
  },
  "weighted avg": {
    "precision": 0.6607636325992173,
    "recall": 0.6555639666919001,
    "f1-score": 0.6516669683467389,
    "support": 1321.0
  }
}